-- ShelfWise ERP seed data (auto-generated demo dataset)

INSERT INTO products (id, name, category, base_price, cost, shelf_life_days, uom, barcode) VALUES
(1, 'Full Cream Milk 1L', 'Dairy', 40.5, 21.01, 8, 'kg', '890000000000001'),
(2, 'Toned Milk 500ml', 'Dairy', 339.32, 210.1, 9, 'pc', '890000000000002'),
(3, 'Greek Yogurt 400g', 'Dairy', 43.35, 20.52, 13, 'kg', '890000000000003'),
(4, 'Paneer 200g', 'Dairy', 265.72, 167.14, 7, 'pack', '890000000000004'),
(5, 'Butter 100g', 'Dairy', 218.67, 113.61, 10, 'pc', '890000000000005'),
(6, 'Multigrain Bread', 'Bakery', 323.22, 172.94, 4, 'kg', '890000000000006'),
(7, 'Croissants 4pk', 'Bakery', 432.03, 230.77, 4, 'pc', '890000000000007'),
(8, 'Sourdough Loaf', 'Bakery', 70.62, 46.74, 6, 'ltr', '890000000000008'),
(9, 'Dinner Rolls 6pk', 'Bakery', 336.49, 196.53, 3, 'pack', '890000000000009'),
(10, 'Bagels 4pk', 'Bakery', 261.86, 172.13, 3, 'ltr', '890000000000010'),
(11, 'Baby Spinach 250g', 'Fresh Produce', 110.76, 51.77, 9, 'kg', '890000000000011'),
(12, 'Mixed Salad 200g', 'Fresh Produce', 443.79, 294.6, 7, 'pc', '890000000000012'),
(13, 'Cherry Tomatoes 500g', 'Fresh Produce', 146.75, 89.36, 8, 'ltr', '890000000000013'),
(14, 'Broccoli 500g', 'Fresh Produce', 185.48, 93.18, 6, 'ltr', '890000000000014'),
(15, 'Carrots 1kg', 'Fresh Produce', 423.39, 259.12, 10, 'kg', '890000000000015'),
(16, 'Orange Juice 1L', 'Beverages', 336.23, 165.04, 316, 'pack', '890000000000016'),
(17, 'Cola 2L', 'Beverages', 445.6, 271.82, 249, 'kg', '890000000000017'),
(18, 'Green Tea 500ml', 'Beverages', 166.2, 106.71, 355, 'pc', '890000000000018'),
(19, 'Sparkling Water 1L', 'Beverages', 375.16, 244.33, 238, 'pack', '890000000000019'),
(20, 'Energy Drink 250ml', 'Beverages', 57.8, 39.2, 248, 'ltr', '890000000000020'),
(21, 'Baked Beans 400g', 'Canned Goods', 305.28, 167.57, 473, 'pack', '890000000000021'),
(22, 'Chickpeas 400g', 'Canned Goods', 141.25, 72.27, 438, 'ltr', '890000000000022'),
(23, 'Tomato Puree 500g', 'Canned Goods', 209.94, 125.1, 664, 'ltr', '890000000000023'),
(24, 'Sweet Corn 400g', 'Canned Goods', 448.88, 217.52, 477, 'pack', '890000000000024'),
(25, 'Tuna 185g', 'Canned Goods', 347.43, 231.14, 411, 'kg', '890000000000025'),
(26, 'Potato Chips 150g', 'Snacks', 97.19, 60.27, 170, 'pc', '890000000000026'),
(27, 'Trail Mix 200g', 'Snacks', 190.28, 133.01, 139, 'ltr', '890000000000027'),
(28, 'Granola Bars 6pk', 'Snacks', 391.53, 177.31, 160, 'pc', '890000000000028'),
(29, 'Popcorn 100g', 'Snacks', 401.61, 256.11, 177, 'ltr', '890000000000029'),
(30, 'Crackers 250g', 'Snacks', 153.27, 75.03, 104, 'pc', '890000000000030'),
(31, 'Frozen Peas 500g', 'Frozen', 438.19, 280.66, 224, 'pc', '890000000000031'),
(32, 'Ice Cream 1L', 'Frozen', 383.5, 221.25, 242, 'kg', '890000000000032'),
(33, 'Frozen Pizza 400g', 'Frozen', 187.04, 91.72, 168, 'pc', '890000000000033'),
(34, 'Frozen Fries 750g', 'Frozen', 235.21, 112.42, 255, 'ltr', '890000000000034'),
(35, 'Frozen Berries 400g', 'Frozen', 130.57, 66.62, 247, 'pc', '890000000000035');

INSERT INTO batches (id, product_id, batch_code, entry_date, expiry_date, initial_qty, current_qty, cost_price, price_change_count) VALUES
(1, 1, 'BATCH_0001', '2026-07-09', '2026-07-17', 156, 129, 19.44, 3),
(2, 1, 'BATCH_0002', '2026-07-09', '2026-07-17', 87, 84, 22.57, 3),
(3, 2, 'BATCH_0003', '2026-07-10', '2026-07-19', 196, 90, 219.05, 3),
(4, 2, 'BATCH_0004', '2026-07-10', '2026-07-19', 115, 79, 226.89, 3),
(5, 3, 'BATCH_0005', '2026-06-27', '2026-07-10', 106, 23, 20.88, 1),
(6, 3, 'BATCH_0006', '2026-07-04', '2026-07-17', 38, 10, 19.41, 0),
(7, 4, 'BATCH_0007', '2026-07-05', '2026-07-12', 91, 80, 157.59, 1),
(8, 4, 'BATCH_0008', '2026-07-11', '2026-07-18', 82, 76, 177.42, 1),
(9, 4, 'BATCH_0009', '2026-07-08', '2026-07-15', 110, 76, 164.17, 0),
(10, 5, 'BATCH_0010', '2026-07-04', '2026-07-14', 47, 24, 106.6, 4),
(11, 5, 'BATCH_0011', '2026-07-10', '2026-07-20', 66, 30, 112.76, 0),
(12, 6, 'BATCH_0012', '2026-07-13', '2026-07-17', 32, 26, 190.21, 0),
(13, 6, 'BATCH_0013', '2026-07-13', '2026-07-17', 62, 38, 172.44, 1),
(14, 6, 'BATCH_0014', '2026-07-13', '2026-07-17', 62, 36, 155.72, 3),
(15, 7, 'BATCH_0015', '2026-07-14', '2026-07-18', 93, 72, 239.84, 4),
(16, 7, 'BATCH_0016', '2026-07-14', '2026-07-18', 59, 23, 221.39, 0),
(17, 7, 'BATCH_0017', '2026-07-13', '2026-07-17', 100, 27, 210.01, 3),
(18, 8, 'BATCH_0018', '2026-07-04', '2026-07-10', 67, 17, 47.63, 1),
(19, 8, 'BATCH_0019', '2026-07-11', '2026-07-17', 168, 43, 47.86, 3),
(20, 9, 'BATCH_0020', '2026-07-14', '2026-07-17', 191, 118, 186.26, 3),
(21, 9, 'BATCH_0021', '2026-07-10', '2026-07-13', 137, 67, 213.39, 0),
(22, 9, 'BATCH_0022', '2026-07-07', '2026-07-10', 38, 20, 196.76, 1),
(23, 10, 'BATCH_0023', '2026-07-14', '2026-07-17', 114, 58, 160.35, 4),
(24, 10, 'BATCH_0024', '2026-07-14', '2026-07-17', 190, 179, 165.22, 0),
(25, 10, 'BATCH_0025', '2026-07-14', '2026-07-17', 87, 31, 185.55, 4),
(26, 11, 'BATCH_0026', '2026-07-03', '2026-07-12', 107, 47, 53.71, 2),
(27, 11, 'BATCH_0027', '2026-07-09', '2026-07-18', 33, 8, 53.16, 2),
(28, 12, 'BATCH_0028', '2026-07-04', '2026-07-11', 183, 103, 274.66, 3),
(29, 12, 'BATCH_0029', '2026-07-11', '2026-07-18', 163, 34, 271.73, 1),
(30, 13, 'BATCH_0030', '2026-07-09', '2026-07-17', 130, 42, 81.17, 2),
(31, 13, 'BATCH_0031', '2026-07-09', '2026-07-17', 111, 48, 92.61, 0),
(32, 14, 'BATCH_0032', '2026-07-12', '2026-07-18', 178, 74, 101.11, 1),
(33, 14, 'BATCH_0033', '2026-07-11', '2026-07-17', 125, 28, 87.2, 2),
(34, 14, 'BATCH_0034', '2026-07-12', '2026-07-18', 191, 101, 88.83, 0),
(35, 15, 'BATCH_0035', '2026-07-10', '2026-07-20', 76, 27, 275.53, 3),
(36, 15, 'BATCH_0036', '2026-07-02', '2026-07-12', 77, 16, 267.41, 3),
(37, 15, 'BATCH_0037', '2026-06-30', '2026-07-10', 91, 62, 266.45, 3),
(38, 16, 'BATCH_0038', '2025-11-02', '2026-09-14', 86, 39, 167.7, 2),
(39, 16, 'BATCH_0039', '2025-09-02', '2026-07-15', 108, 61, 162.94, 4),
(40, 16, 'BATCH_0040', '2025-08-30', '2026-07-12', 85, 22, 171.93, 0),
(41, 17, 'BATCH_0041', '2025-11-27', '2026-08-03', 190, 122, 278.52, 0),
(42, 17, 'BATCH_0042', '2026-01-25', '2026-10-01', 149, 68, 280.89, 2),
(43, 18, 'BATCH_0043', '2026-05-06', '2027-04-26', 52, 22, 105.01, 3),
(44, 18, 'BATCH_0044', '2025-10-24', '2026-10-14', 177, 112, 104.71, 0),
(45, 18, 'BATCH_0045', '2025-07-22', '2026-07-12', 130, 126, 108.42, 2),
(46, 19, 'BATCH_0046', '2026-05-12', '2027-01-05', 74, 46, 243.02, 1),
(47, 19, 'BATCH_0047', '2026-02-01', '2026-09-27', 151, 114, 250.83, 2),
(48, 19, 'BATCH_0048', '2025-11-16', '2026-07-12', 192, 117, 230.87, 1),
(49, 20, 'BATCH_0049', '2025-11-06', '2026-07-12', 141, 106, 41.94, 0),
(50, 20, 'BATCH_0050', '2026-06-25', '2027-02-28', 181, 85, 40.91, 3),
(51, 21, 'BATCH_0051', '2025-06-14', '2026-09-30', 187, 38, 180.73, 0),
(52, 21, 'BATCH_0052', '2025-07-21', '2026-11-06', 65, 64, 182.92, 4),
(53, 21, 'BATCH_0053', '2026-01-10', '2027-04-28', 83, 31, 166.11, 3),
(54, 22, 'BATCH_0054', '2025-12-17', '2027-02-28', 176, 164, 71.21, 4),
(55, 22, 'BATCH_0055', '2025-07-25', '2026-10-06', 141, 85, 68.79, 1),
(56, 22, 'BATCH_0056', '2025-09-23', '2026-12-05', 153, 92, 74.1, 2),
(57, 23, 'BATCH_0057', '2024-09-17', '2026-07-13', 80, 50, 120.99, 4),
(58, 23, 'BATCH_0058', '2024-09-15', '2026-07-11', 79, 64, 129.95, 1),
(59, 23, 'BATCH_0059', '2024-09-19', '2026-07-15', 104, 89, 124.25, 0),
(60, 24, 'BATCH_0060', '2025-10-12', '2027-02-01', 169, 38, 233.04, 4),
(61, 24, 'BATCH_0061', '2025-03-30', '2026-07-20', 110, 60, 228.55, 3),
(62, 25, 'BATCH_0062', '2025-10-18', '2026-12-03', 131, 88, 209.37, 2),
(63, 25, 'BATCH_0063', '2025-12-25', '2027-02-09', 62, 41, 250.53, 4),
(64, 26, 'BATCH_0064', '2026-06-28', '2026-12-15', 164, 38, 55.25, 3),
(65, 26, 'BATCH_0065', '2026-01-27', '2026-07-16', 66, 16, 57.38, 2),
(66, 27, 'BATCH_0066', '2026-05-25', '2026-10-11', 117, 58, 139.71, 3),
(67, 27, 'BATCH_0067', '2026-02-21', '2026-07-10', 140, 30, 139.63, 0),
(68, 28, 'BATCH_0068', '2026-01-31', '2026-07-10', 186, 47, 186.33, 1),
(69, 28, 'BATCH_0069', '2026-01-30', '2026-07-09', 179, 9, 168.04, 3),
(70, 28, 'BATCH_0070', '2026-07-01', '2026-12-08', 75, 44, 184.38, 2),
(71, 29, 'BATCH_0071', '2026-02-19', '2026-08-15', 61, 31, 236.04, 0),
(72, 29, 'BATCH_0072', '2026-06-17', '2026-12-11', 193, 134, 250.82, 1),
(73, 30, 'BATCH_0073', '2026-06-23', '2026-10-05', 82, 29, 77.99, 2),
(74, 30, 'BATCH_0074', '2026-06-19', '2026-10-01', 50, 46, 79.27, 2),
(75, 31, 'BATCH_0075', '2025-12-22', '2026-08-03', 149, 111, 271.75, 3),
(76, 31, 'BATCH_0076', '2026-01-01', '2026-08-13', 130, 72, 288.27, 3),
(77, 31, 'BATCH_0077', '2026-03-26', '2026-11-05', 65, 59, 281.88, 2),
(78, 32, 'BATCH_0078', '2026-06-16', '2027-02-13', 171, 102, 213.39, 1),
(79, 32, 'BATCH_0079', '2025-12-09', '2026-08-08', 91, 75, 209.92, 3),
(80, 32, 'BATCH_0080', '2026-05-07', '2027-01-04', 117, 66, 200.39, 2),
(81, 33, 'BATCH_0081', '2026-04-30', '2026-10-15', 86, 60, 87.68, 4),
(82, 33, 'BATCH_0082', '2026-04-10', '2026-09-25', 162, 34, 92.03, 1),
(83, 34, 'BATCH_0083', '2025-11-02', '2026-07-15', 145, 100, 118.22, 3),
(84, 34, 'BATCH_0084', '2026-03-09', '2026-11-19', 134, 127, 101.57, 2),
(85, 35, 'BATCH_0085', '2026-01-13', '2026-09-17', 98, 93, 64.87, 4),
(86, 35, 'BATCH_0086', '2026-02-28', '2026-11-02', 160, 116, 64.65, 3);

INSERT INTO b2b_customers (id, name, tier) VALUES
(1, 'Metro Wholesale', 'silver'),
(2, 'Sunrise Distributors', 'silver'),
(3, 'Green Valley Traders', 'gold'),
(4, 'Coastal Supply Co', 'gold'),
(5, 'Prime Bazaar', 'gold'),
(6, 'Nilgiri Traders', 'bronze'),
(7, 'Everfresh Depot', 'bronze'),
(8, 'Kaveri Mart Supply', 'gold'),
(9, 'Blue Ridge Wholesale', 'silver'),
(10, 'Anna Nagar Traders', 'silver'),
(11, 'Silver Line Distributors', 'bronze'),
(12, 'Horizon Retail Supply', 'bronze'),
(13, 'Orchid Wholesale', 'bronze'),
(14, 'Vetri Traders', 'silver'),
(15, 'Sapphire Distribution', 'gold');

INSERT INTO b2b_transactions (id, customer_id, product_id, quantity, price, payment_mode, txn_date, hour) VALUES
(1, 4, 19, 30, 11254.8, 'cash', '2026-05-03', 15),
(2, 3, 18, 6, 997.2, 'upi', '2026-06-24', 15),
(3, 11, 32, 14, 5369.0, 'upi', '2026-05-15', 15),
(4, 6, 12, 7, 3106.53, 'cash', '2026-07-02', 21),
(5, 7, 32, 10, 3835.0, 'cash', '2026-04-29', 7),
(6, 5, 6, 32, 10343.04, 'upi', '2026-04-22', 19),
(7, 4, 34, 49, 11525.29, 'cash', '2026-04-26', 20),
(8, 7, 20, 73, 4219.4, 'cheque', '2026-06-14', 9),
(9, 11, 14, 34, 6306.32, 'cash', '2026-05-01', 11),
(10, 2, 11, 1, 110.76, 'cash', '2026-06-11', 21),
(11, 5, 19, 59, 22134.44, 'cheque', '2026-04-21', 13),
(12, 10, 13, 55, 8071.25, 'upi', '2026-06-06', 13),
(13, 14, 10, 10, 2618.6, 'upi', '2026-04-29', 15),
(14, 15, 19, 57, 21384.12, 'upi', '2026-06-06', 15),
(15, 9, 35, 64, 8356.48, 'credit', '2026-05-30', 7),
(16, 10, 17, 4, 1782.4, 'cheque', '2026-04-15', 6),
(17, 14, 18, 74, 12298.8, 'upi', '2026-04-18', 11),
(18, 8, 18, 24, 3988.8, 'upi', '2026-05-09', 19),
(19, 2, 31, 45, 19718.55, 'upi', '2026-06-20', 16),
(20, 6, 27, 64, 12177.92, 'credit', '2026-05-01', 18),
(21, 1, 30, 12, 1839.24, 'cash', '2026-05-20', 16),
(22, 14, 33, 1, 187.04, 'upi', '2026-06-16', 20),
(23, 9, 24, 80, 35910.4, 'credit', '2026-06-14', 20),
(24, 5, 9, 37, 12450.13, 'cash', '2026-04-21', 21),
(25, 10, 16, 21, 7060.83, 'upi', '2026-06-29', 6),
(26, 4, 8, 60, 4237.2, 'upi', '2026-06-03', 10),
(27, 9, 18, 54, 8974.8, 'cash', '2026-05-01', 21),
(28, 3, 25, 25, 8685.75, 'upi', '2026-06-23', 22),
(29, 14, 5, 36, 7872.12, 'cash', '2026-05-07', 19),
(30, 5, 1, 37, 1498.5, 'credit', '2026-05-14', 21),
(31, 9, 31, 45, 19718.55, 'upi', '2026-05-30', 18),
(32, 14, 13, 31, 4549.25, 'credit', '2026-05-19', 13),
(33, 1, 21, 61, 18622.08, 'cash', '2026-04-17', 18),
(34, 13, 10, 64, 16759.04, 'upi', '2026-04-26', 10),
(35, 6, 7, 57, 24625.71, 'cash', '2026-06-22', 20),
(36, 7, 10, 10, 2618.6, 'cash', '2026-04-13', 14),
(37, 7, 6, 43, 13898.46, 'cheque', '2026-04-21', 18),
(38, 12, 32, 70, 26845.0, 'cash', '2026-04-14', 8),
(39, 15, 19, 30, 11254.8, 'cheque', '2026-04-20', 19),
(40, 12, 7, 57, 24625.71, 'cheque', '2026-07-05', 15),
(41, 6, 4, 38, 10097.36, 'cash', '2026-05-04', 19),
(42, 7, 12, 22, 9763.38, 'upi', '2026-06-10', 18),
(43, 8, 10, 30, 7855.8, 'upi', '2026-04-16', 14),
(44, 1, 30, 37, 5670.99, 'cash', '2026-05-27', 11),
(45, 10, 20, 55, 3179.0, 'credit', '2026-06-15', 20),
(46, 7, 31, 14, 6134.66, 'upi', '2026-04-12', 17),
(47, 5, 2, 51, 17305.32, 'cheque', '2026-05-08', 7),
(48, 14, 19, 30, 11254.8, 'cash', '2026-06-16', 17),
(49, 10, 17, 18, 8020.8, 'cash', '2026-05-15', 7),
(50, 1, 24, 17, 7630.96, 'cash', '2026-05-18', 15),
(51, 3, 13, 17, 2494.75, 'upi', '2026-06-06', 17),
(52, 14, 11, 33, 3655.08, 'cheque', '2026-06-03', 21),
(53, 12, 22, 15, 2118.75, 'cash', '2026-06-12', 8),
(54, 14, 26, 72, 6997.68, 'cash', '2026-05-03', 18),
(55, 2, 30, 48, 7356.96, 'upi', '2026-04-20', 14),
(56, 6, 7, 30, 12960.9, 'cheque', '2026-06-12', 16),
(57, 11, 5, 60, 13120.2, 'upi', '2026-06-26', 15),
(58, 3, 3, 5, 216.75, 'cash', '2026-06-10', 21),
(59, 15, 35, 18, 2350.26, 'upi', '2026-04-12', 17),
(60, 9, 27, 76, 14461.28, 'credit', '2026-04-18', 10),
(61, 2, 32, 79, 30296.5, 'cash', '2026-05-24', 14),
(62, 4, 29, 57, 22891.77, 'cash', '2026-04-14', 17),
(63, 6, 35, 46, 6006.22, 'cash', '2026-06-25', 14),
(64, 14, 30, 12, 1839.24, 'cash', '2026-05-29', 6),
(65, 4, 9, 73, 24563.77, 'upi', '2026-06-11', 12),
(66, 6, 10, 374, 97935.64, 'upi', '2026-06-18', 2),
(67, 2, 2, 421, 142853.72, 'cash', '2026-06-07', 3),
(68, 1, 9, 54, 18170.46, 'upi', '2026-05-25', 8),
(69, 9, 7, 58, 25057.74, 'upi', '2026-04-17', 7),
(70, 9, 20, 59, 3410.2, 'cash', '2026-05-10', 6),
(71, 14, 26, 55, 5345.45, 'upi', '2026-05-15', 21),
(72, 2, 6, 42, 13575.24, 'cash', '2026-04-22', 8),
(73, 11, 21, 49, 14958.72, 'cash', '2026-05-07', 22),
(74, 10, 28, 13, 5089.89, 'credit', '2026-04-18', 9),
(75, 15, 14, 56, 10386.88, 'upi', '2026-05-13', 13),
(76, 7, 27, 13, 2473.64, 'upi', '2026-05-24', 16),
(77, 3, 31, 9, 3943.71, 'cash', '2026-06-28', 8),
(78, 12, 24, 17, 7630.96, 'upi', '2026-05-19', 16),
(79, 6, 28, 7, 2740.71, 'cash', '2026-04-28', 15),
(80, 9, 14, 20, 3709.6, 'credit', '2026-05-27', 13),
(81, 14, 24, 15, 6733.2, 'credit', '2026-04-30', 13),
(82, 13, 2, 78, 26466.96, 'cash', '2026-06-06', 14),
(83, 12, 20, 44, 2543.2, 'credit', '2026-04-29', 11),
(84, 11, 26, 9, 874.71, 'cash', '2026-05-04', 6),
(85, 4, 25, 54, 18761.22, 'cash', '2026-05-30', 11),
(86, 13, 6, 7, 2262.54, 'upi', '2026-06-06', 7),
(87, 8, 28, 63, 24666.39, 'cash', '2026-05-06', 19),
(88, 2, 23, 56, 11756.64, 'upi', '2026-06-01', 21),
(89, 1, 15, 51, 21592.89, 'cash', '2026-06-02', 7),
(90, 4, 9, 33, 11104.17, 'cash', '2026-05-16', 9),
(91, 3, 9, 49, 16488.01, 'upi', '2026-04-16', 13),
(92, 13, 23, 10, 2099.4, 'upi', '2026-05-13', 7),
(93, 15, 5, 41, 8965.47, 'upi', '2026-05-18', 18),
(94, 5, 8, 466, 32908.92, 'credit', '2026-04-22', 2),
(95, 8, 24, 12, 5386.56, 'cash', '2026-04-26', 9),
(96, 7, 34, 11, 2587.31, 'upi', '2026-06-12', 15),
(97, 6, 11, 10, 1107.6, 'upi', '2026-06-16', 9),
(98, 15, 23, 45, 9447.3, 'cash', '2026-06-22', 10),
(99, 5, 13, 23, 3375.25, 'cash', '2026-04-21', 8),
(100, 8, 30, 73, 11188.71, 'upi', '2026-04-29', 20),
(101, 11, 21, 41, 12516.48, 'upi', '2026-04-21', 8),
(102, 5, 18, 76, 12631.2, 'cash', '2026-05-12', 22),
(103, 8, 3, 8, 346.8, 'cash', '2026-06-29', 15),
(104, 10, 33, 50, 9352.0, 'upi', '2026-04-28', 7),
(105, 11, 13, 42, 6163.5, 'cash', '2026-07-03', 22),
(106, 8, 7, 44, 19009.32, 'upi', '2026-06-18', 8),
(107, 1, 16, 57, 19165.11, 'upi', '2026-06-20', 22),
(108, 6, 24, 37, 16608.56, 'upi', '2026-07-04', 16),
(109, 13, 22, 9, 1271.25, 'cash', '2026-04-17', 18),
(110, 15, 10, 43, 11259.98, 'cheque', '2026-06-01', 10),
(111, 11, 26, 17, 1652.23, 'cash', '2026-05-23', 8),
(112, 11, 22, 17, 2401.25, 'cash', '2026-04-16', 22),
(113, 7, 33, 458, 85664.32, 'cheque', '2026-05-28', 2),
(114, 13, 32, 25, 9587.5, 'cash', '2026-06-03', 10),
(115, 14, 7, 65, 28081.95, 'cash', '2026-05-28', 22),
(116, 15, 9, 77, 25909.73, 'cash', '2026-04-13', 11),
(117, 13, 11, 57, 6313.32, 'upi', '2026-06-10', 17),
(118, 8, 19, 58, 21759.28, 'cash', '2026-05-11', 13),
(119, 15, 13, 48, 7044.0, 'upi', '2026-06-04', 20),
(120, 13, 25, 65, 22582.95, 'credit', '2026-04-24', 11),
(121, 3, 17, 7, 3119.2, 'upi', '2026-06-27', 17),
(122, 12, 34, 16, 3763.36, 'cash', '2026-05-06', 11),
(123, 3, 28, 12, 4698.36, 'credit', '2026-05-27', 13),
(124, 15, 2, 54, 18323.28, 'cash', '2026-05-22', 22),
(125, 2, 24, 350, 157108.0, 'credit', '2026-06-23', 3),
(126, 1, 19, 61, 22884.76, 'credit', '2026-05-11', 10),
(127, 8, 1, 410, 16605.0, 'upi', '2026-04-24', 2),
(128, 9, 28, 15, 5872.95, 'cash', '2026-07-04', 13),
(129, 4, 27, 80, 15222.4, 'credit', '2026-05-08', 9),
(130, 10, 35, 3, 391.71, 'upi', '2026-06-03', 13),
(131, 7, 1, 79, 3199.5, 'cash', '2026-04-16', 19),
(132, 2, 34, 47, 11054.87, 'upi', '2026-05-07', 22),
(133, 9, 2, 50, 16966.0, 'upi', '2026-05-24', 7),
(134, 5, 2, 46, 15608.72, 'cash', '2026-04-17', 17),
(135, 11, 7, 75, 32402.25, 'cash', '2026-05-26', 16),
(136, 9, 22, 23, 3248.75, 'cheque', '2026-05-10', 20),
(137, 11, 12, 18, 7988.22, 'cash', '2026-06-15', 20),
(138, 1, 13, 6, 880.5, 'upi', '2026-05-02', 15),
(139, 8, 17, 5, 2228.0, 'cash', '2026-07-04', 12),
(140, 14, 22, 35, 4943.75, 'upi', '2026-05-20', 17),
(141, 12, 29, 50, 20080.5, 'upi', '2026-05-08', 11),
(142, 6, 34, 35, 8232.35, 'cash', '2026-04-24', 19),
(143, 14, 12, 70, 31065.3, 'cash', '2026-04-17', 9),
(144, 5, 20, 58, 3352.4, 'cash', '2026-05-15', 19),
(145, 6, 29, 6, 2409.66, 'upi', '2026-05-16', 17),
(146, 5, 4, 10, 2657.2, 'cash', '2026-04-15', 18),
(147, 3, 2, 19, 6447.08, 'cash', '2026-07-02', 20),
(148, 4, 24, 47, 21097.36, 'upi', '2026-04-15', 7),
(149, 8, 24, 48, 21546.24, 'upi', '2026-05-04', 8),
(150, 6, 26, 41, 3984.79, 'cheque', '2026-07-07', 13),
(151, 12, 12, 64, 28402.56, 'cash', '2026-06-07', 9),
(152, 12, 29, 28, 11245.08, 'upi', '2026-05-09', 15),
(153, 4, 8, 18, 1271.16, 'cash', '2026-05-15', 20),
(154, 2, 21, 45, 13737.6, 'credit', '2026-06-20', 15),
(155, 12, 12, 47, 20858.13, 'cheque', '2026-06-23', 9),
(156, 4, 32, 4, 1534.0, 'upi', '2026-05-01', 17),
(157, 3, 6, 9, 2908.98, 'upi', '2026-05-19', 21),
(158, 14, 5, 17, 3717.39, 'upi', '2026-04-14', 8),
(159, 9, 23, 17, 3568.98, 'credit', '2026-06-24', 11),
(160, 7, 33, 8, 1496.32, 'cash', '2026-06-19', 22),
(161, 3, 21, 29, 8853.12, 'credit', '2026-06-30', 22),
(162, 5, 13, 71, 10419.25, 'upi', '2026-06-29', 15),
(163, 9, 11, 76, 8417.76, 'cash', '2026-04-22', 10),
(164, 12, 22, 73, 10311.25, 'cash', '2026-04-19', 6),
(165, 13, 17, 27, 12031.2, 'upi', '2026-07-07', 19),
(166, 8, 35, 38, 4961.66, 'upi', '2026-04-14', 15),
(167, 7, 20, 59, 3410.2, 'cash', '2026-05-18', 7),
(168, 8, 30, 27, 4138.29, 'cash', '2026-05-31', 10),
(169, 12, 23, 52, 10916.88, 'upi', '2026-06-27', 17),
(170, 6, 16, 60, 20173.8, 'cash', '2026-06-28', 20),
(171, 1, 19, 50, 18758.0, 'cash', '2026-06-20', 19),
(172, 14, 21, 74, 22590.72, 'credit', '2026-05-08', 12),
(173, 9, 30, 64, 9809.28, 'cash', '2026-05-21', 21),
(174, 9, 30, 31, 4751.37, 'cash', '2026-06-04', 17),
(175, 8, 31, 37, 16213.03, 'upi', '2026-06-07', 9),
(176, 12, 24, 52, 23341.76, 'cash', '2026-04-30', 18),
(177, 4, 24, 71, 31870.48, 'upi', '2026-05-01', 18),
(178, 5, 8, 17, 1200.54, 'cash', '2026-05-28', 18),
(179, 9, 24, 19, 8528.72, 'upi', '2026-07-05', 22),
(180, 1, 3, 18, 780.3, 'upi', '2026-06-21', 21),
(181, 10, 33, 18, 3366.72, 'cash', '2026-04-23', 16),
(182, 12, 20, 76, 4392.8, 'upi', '2026-04-29', 22),
(183, 5, 31, 3, 1314.57, 'cheque', '2026-04-27', 9),
(184, 5, 2, 77, 26127.64, 'upi', '2026-04-27', 13),
(185, 8, 11, 68, 7531.68, 'cash', '2026-04-14', 18),
(186, 4, 3, 74, 3207.9, 'cash', '2026-05-15', 9),
(187, 6, 27, 20, 3805.6, 'upi', '2026-04-23', 12),
(188, 15, 31, 8, 3505.52, 'cash', '2026-05-30', 22),
(189, 11, 31, 68, 29796.92, 'upi', '2026-05-03', 11),
(190, 6, 35, 46, 6006.22, 'upi', '2026-06-16', 14),
(191, 4, 18, 72, 11966.4, 'credit', '2026-06-14', 15),
(192, 12, 32, 41, 15723.5, 'cash', '2026-04-28', 14),
(193, 11, 35, 49, 6397.93, 'credit', '2026-06-22', 18),
(194, 5, 3, 37, 1603.95, 'cash', '2026-05-15', 8),
(195, 11, 17, 62, 27627.2, 'cheque', '2026-04-12', 14),
(196, 5, 9, 14, 4710.86, 'cash', '2026-04-16', 13),
(197, 15, 34, 29, 6821.09, 'cash', '2026-05-29', 7),
(198, 12, 31, 13, 5696.47, 'cash', '2026-05-01', 10),
(199, 15, 11, 53, 5870.28, 'upi', '2026-06-15', 21),
(200, 13, 19, 42, 15756.72, 'cheque', '2026-06-29', 7),
(201, 11, 15, 69, 29213.91, 'cheque', '2026-06-18', 7),
(202, 7, 12, 5, 2218.95, 'credit', '2026-06-17', 18),
(203, 15, 19, 590, 221344.4, 'cheque', '2026-05-29', 1),
(204, 5, 30, 70, 10728.9, 'credit', '2026-05-12', 10),
(205, 5, 13, 15, 2201.25, 'upi', '2026-06-17', 20),
(206, 1, 22, 38, 5367.5, 'cash', '2026-04-20', 12),
(207, 15, 26, 55, 5345.45, 'upi', '2026-06-28', 8),
(208, 3, 9, 62, 20862.38, 'cash', '2026-05-22', 13),
(209, 4, 29, 35, 14056.35, 'upi', '2026-04-28', 15),
(210, 1, 17, 47, 20943.2, 'upi', '2026-05-12', 7),
(211, 5, 11, 52, 5759.52, 'upi', '2026-04-20', 15),
(212, 15, 19, 48, 18007.68, 'cheque', '2026-05-10', 13),
(213, 3, 30, 78, 11955.06, 'credit', '2026-04-16', 21),
(214, 14, 14, 32, 5935.36, 'upi', '2026-05-04', 8),
(215, 12, 24, 10, 4488.8, 'cash', '2026-05-01', 9),
(216, 15, 33, 26, 4863.04, 'cash', '2026-05-05', 10),
(217, 8, 8, 27, 1906.74, 'cash', '2026-05-06', 21),
(218, 8, 4, 59, 15677.48, 'upi', '2026-07-03', 19),
(219, 9, 30, 40, 6130.8, 'cash', '2026-07-10', 18),
(220, 12, 14, 75, 13911.0, 'cash', '2026-07-02', 19);

-- Keep identity sequences in sync with the explicit ids inserted above
SELECT setval(pg_get_serial_sequence('products', 'id'), (SELECT COALESCE(MAX(id), 1) FROM products));
SELECT setval(pg_get_serial_sequence('batches', 'id'), (SELECT COALESCE(MAX(id), 1) FROM batches));
SELECT setval(pg_get_serial_sequence('b2b_customers', 'id'), (SELECT COALESCE(MAX(id), 1) FROM b2b_customers));
SELECT setval(pg_get_serial_sequence('b2b_transactions', 'id'), (SELECT COALESCE(MAX(id), 1) FROM b2b_transactions));
